Sub-Borough Area,income_diversity_2017,income_diversity_2019,racial_diversity_2017,racial_diversity_2019,bachelor_or_higher_2017,bachelor_or_higher_2019,car_free_commute_2017,car_free_commute_2019,mean_travel_time_2017,mean_travel_time_2019,poverty_rate_2017,poverty_rate_2019,no_highschool_2017,no_highschool_2019,crowding_rate_2017,crowding_rate_2019,pop_above_65_2017,pop_above_65_2019,under_18_2017,under_18_2019,homeownership_2017,homeownership_2019,born_in_ny_rate_2017,born_in_ny_rate_2019,foreclosure_rate_2017,foreclosure_rate_2019,median_income_2017,median_income_2019,Community District,ela_grade4_2017,ela_grade4_2019,math_grade4_2017,math_grade4_2019,park_access_2017,subway_access_2017,income_growth,gentrification_label
Upper East Side,5.172413793103452,5.646666666666668,0.419805614940242,0.448352313191047,0.836551691970428,0.815771447467876,0.832405126706467,0.850102304065475,29.8208575126289,30.8936037719064,0.0606218524817722,0.058377328721403,0.0199923039249983,0.0237150415721844,0.192410570490946,0.214428654426072,0.192410570490946,0.214428654426072,0.175082499124311,0.190963460063041,0.368895525689951,0.356775094053594,0.480195500865936,0.465376209227478,44,36,157507.05088633997,155421.76367898073,MN 08 - Upper East Side,0.8081841432225064,0.8684931506849315,0.779746835443038,0.8369272237196765,0.6862002144250811,0.9645133149984352,-0.013239326084925725,Higher-Income
Morningside Heights/Hamilton Heights,8.242424242424248,8.823529411764738,0.725280874115048,0.704526996944754,0.4478312567854,0.514783814042757,0.888692043731546,0.936430169042801,37.5383449046365,33.1058381388555,0.227496038665807,0.195856967114986,0.188874528253115,0.183910006930746,0.130836586603145,0.140367518086075,0.130836586603145,0.140367518086075,0.210884491114701,0.176924336047796,0.161914378029079,0.153353521299669,0.424344015821552,0.395364243396042,14,9,60015.477074333394,79143.96996016738,MN 09 - Morningside Heights/Hamilton,0.3783185840707964,0.4014251781472684,0.3427947598253275,0.394919168591224,0.9996480112636396,1.0,0.3187259989975919,Gentrifying
Central Harlem,9.285714285714272,8.866666666666655,0.634306287838141,0.624362647341614,0.404862291418215,0.411563226430232,0.856038350798731,0.880366754287145,36.8883091448532,36.1484541244211,0.235349142080719,0.200775502381058,0.17801170029955,0.139258604019666,0.113753204649964,0.118803675807291,0.113753204649964,0.118803675807291,0.263589051657672,0.228096490144523,0.149383191981496,0.139847182763063,0.532595868205803,0.585422915856869,38,49,58829.5094667064,63588.36562603356,MN 10 - Central Harlem,0.2318104906937394,0.2864583333333333,0.1442786069651741,0.2277397260273972,0.9668817707636752,1.0,0.08089233111862616,Non-Gentrifying
East Harlem,6.515151515151516,10.103092783505156,0.640093473340258,0.66371724081652,0.272638266151912,0.3075068783603,0.866926803013993,0.941730682331676,38.9658619098877,35.6741979213737,0.315458630418881,0.339928359545531,0.286389782045149,0.235088472120554,0.127980922098569,0.134255105336827,0.127980922098569,0.134255105336827,0.250312417162116,0.19061308418678,0.0864543492255841,0.0545606995268611,0.570373141307397,0.598015289093062,8,13,44093.05251005512,37514.95946276297,MN 11 - East Harlem,0.3601789709172259,0.433589462129528,0.339265850945495,0.3721436343852013,0.9998221336843228,0.975454448436555,-0.149186610425578,Non-Gentrifying
Washington Heights/Inwood,5.733333333333321,5.68743818001977,0.504313136891389,0.494525513459767,0.346882901949686,0.358658054034223,0.876876904693535,0.875909923801704,42.4122567318469,43.1106627549539,0.187209792184585,0.154866134685659,0.292028374728527,0.249842771415843,0.148960445094955,0.156005017246786,0.148960445094955,0.156005017246786,0.233601277889421,0.257707261516711,0.0893363219456897,0.105381664899397,0.370062455113228,0.385891933207902,13,6,67610.94605988382,61938.80942896996,MN 12 - Washington Heights/Inwood,0.2848232848232848,0.4253521126760563,0.278336686787391,0.3986486486486486,0.984394626180984,1.0,-0.08389376220072386,Non-Gentrifying
Mott Haven/Hunts Point,5.886666666666657,6.8715686274510075,0.467395967349773,0.455965477146692,0.097141753572808,0.133186577068105,0.773947714729048,0.859489408355848,43.3544477834738,42.6167821762794,0.441853953685303,0.395804205883625,0.409902217885386,0.297960860314718,0.0868972927339358,0.106058954939247,0.0868972927339358,0.106058954939247,0.393009877758014,0.320008098209191,0.053343677856413,0.0872397990171719,0.557212021207877,0.595542963003324,70,67,25141.553955012667,29025.243568542297,BX 01 - Mott Haven/Melrose,0.2464183381088825,0.3619691119691119,0.2190121155638397,0.2954971857410882,0.9978928933037792,0.9999726349779712,0.15447293434920353,Gentrifying
Morrisania/Belmont,6.185567010309277,6.500000000000027,0.511151959215718,0.522024739425563,0.133291351805206,0.113220973417685,0.744389144520612,0.770652792183893,46.9620778163834,44.0346137116472,0.358108329421013,0.402750584410191,0.365965225300868,0.324485558599043,0.103432141432939,0.0999710865668189,0.103432141432939,0.0999710865668189,0.416201913936244,0.357633151137664,0.0680968375689207,0.0513696453540104,0.533946563870796,0.559018099809171,115,51,31144.54065246537,27324.75370644655,BX 03 - Morrisania/Crotona,0.2030696576151121,0.3363636363636363,0.1841794569067296,0.2636871508379888,0.9975678715836196,0.6302860791049767,-0.12264707926319822,Non-Gentrifying
Highbridge/South Concourse,5.580357142857132,5.211267605633793,0.44906061687423,0.521490063967076,0.176038626837162,0.153775504272511,0.823736862320612,0.834703262483253,44.1182478438493,44.6403483361698,0.364128858154832,0.323693789229314,0.320539077837322,0.277265593210487,0.0848907888584597,0.0820263154159511,0.0848907888584597,0.0820263154159511,0.40405309873537,0.413542394886647,0.0620336187259445,0.0575451912513732,0.468579253222898,0.526819297971697,38,41,37053.99299865932,37689.75454048691,BX 04 - Highbridge/Concourse,0.2580060422960725,0.3694054776219105,0.2404467960023515,0.3648562300319489,0.994301662984068,0.9629801914951353,0.01715770664312999,Non-Gentrifying
University Heights/Fordham,5.824074074074069,6.846673095467689,0.43427115451043,0.469363621748095,0.114867621724544,0.151641114860526,0.800219029587556,0.830587023686921,46.1266102387051,48.0996989622118,0.364299345692475,0.313742450008796,0.366590352706501,0.310369790876079,0.079823916839132,0.0922877670773973,0.079823916839132,0.0922877670773973,0.473295023311287,0.396564034878941,0.0371462647728505,0.040006923859186,0.454250062357168,0.457300175820677,53,27,36173.81077014748,37071.60506032413,BX 05 - Fordham/University Heights,0.2618892508143322,0.337508698677801,0.2199747155499367,0.2793333333333333,0.9934451513398882,0.9827891406838776,0.024818902710619522,Non-Gentrifying
Kingsbridge Heights/Mosholu,5.696721311475426,5.833333333333331,0.430526812337237,0.440205429111358,0.171752596101294,0.153498429696751,0.772360923355978,0.823860353374084,46.7681685175995,48.1800626463522,0.329466846634048,0.226273159798415,0.293769356895609,0.317283632806467,0.0839417583948725,0.0955143587985549,0.0839417583948725,0.0955143587985549,0.483093455322271,0.350475435816165,0.0684677297542239,0.0585182250396196,0.505656959732479,0.464815010152686,25,28,42396.24344555341,47849.86313110252,BX 07 - Kingsbridge Heights/Bedford,0.2903022670025189,0.3780718336483932,0.2584951456310679,0.3489646772228989,0.8983693291743988,0.9952224898329846,0.1286345025486236,Gentrifying
Riverdale/Kingsbridge,6.190476190476194,5.882882882882874,0.647067041158334,0.629116318329415,0.387317248644621,0.426046499009794,0.685947236384236,0.684156450671337,49.7662256211054,44.9614711033275,0.184964022054014,0.165015894432349,0.177869421105373,0.189305770326361,0.191554370286643,0.217956965501349,0.191554370286643,0.217956965501349,0.301935964259121,0.263335837716003,0.297165860014892,0.280944778362134,0.520186856466682,0.541848697539103,28,27,64737.76265455088,70899.66172473792,BX 08 - Riverdale/Fieldston,0.4593939393939394,0.5314070351758794,0.3945497630331753,0.5049875311720698,0.9433611260534336,0.6317240451855837,0.09518245329341593,Non-Gentrifying
Soundview/Parkchester,6.122448979591842,6.200000000000014,0.593770515978487,0.570482064737088,0.183027866397552,0.196349608766329,0.693678916618092,0.681212812100317,46.6531334300316,47.3863509981649,0.246541292431913,0.265935353926159,0.275123705970441,0.243087082129591,0.139199361617236,0.148385939138383,0.139199361617236,0.148385939138383,0.396083277283321,0.309355045675354,0.200732039229795,0.224038373407473,0.525234738662056,0.570458508795048,252,170,47972.32977059438,50904.72544973469,BX 09 - Parkchester/Soundview,0.2766839378238342,0.3560389238694905,0.2281234193222053,0.3586168432794199,0.8925593833569294,0.701497037386608,0.06112681400222056,Non-Gentrifying
Throgs Neck/Co-op City,5.79588910133843,5.080000000000001,0.691927313553138,0.680348432993171,0.284462941902388,0.248085958928614,0.50031001984127,0.484696180199401,48.3726025132275,43.6691215689492,0.102200627187865,0.129307830537497,0.148425968495173,0.200777541918096,0.208324882049473,0.239062795920024,0.208324882049473,0.239062795920024,0.277343577515786,0.218603456028779,0.473528502671436,0.466799426136485,0.614886017902024,0.63412786450583,135,124,71376.30327722331,70646.15098287341,BX 10 - Throgs Neck/Co-op City,0.4014989293361884,0.5252416756176155,0.375,0.4574468085106383,0.7506244879199057,0.2721168641713795,-0.010229617685774673,Higher-Income
Chelsea/Clinton/Midtown,7.548821548821564,6.2999999999999945,0.594311804656275,0.599665070652378,0.735944270747628,0.740909058480241,0.888483896307934,0.892785123228069,26.527258444619,27.503551312744,0.137894059618272,0.110993541126388,0.0651637321046569,0.0691032839398717,0.134518382473517,0.163853189072867,0.134518382473517,0.163853189072867,0.0836627726202639,0.0868543859094692,0.235841513792031,0.227938775295221,0.329651372536158,0.357475043337916,44,51,122291.36763741994,139197.076199652,MN 04 - Clinton/Chelsea,0.6674816625916871,0.6658476658476659,0.6414634146341464,0.5995145631067961,0.7891332470892626,0.9438903916264848,0.13824122576137635,Higher-Income
Stuyvesant Town/Turtle Bay,5.856818181818185,3.4750000000000054,0.497794977606707,0.525430612105921,0.806965486252999,0.813370706605865,0.89942803755355,0.85277928269585,26.2081282471972,27.0982771697909,0.0801356736112069,0.0648550850701089,0.0386509881054318,0.0330502447391541,0.177826476208293,0.157702617152247,0.177826476208293,0.157702617152247,0.0992195661525226,0.108219475168076,0.34774165796104,0.326737851939735,0.412623434931919,0.455280774774047,34,129,134765.01278861912,178847.77684387626,MN 06 - Stuyvesant Town/Turtle Bay,0.7985865724381626,0.8350877192982457,0.7482758620689656,0.7889273356401384,0.9086810948183708,0.9499283971036124,0.3271083728860813,Higher-Income
Upper West Side,9.210526315789458,6.653992395437267,0.494147129196827,0.49589290153376,0.796099323464892,0.805342064449423,0.855246730387441,0.854609504963413,33.1620069997339,30.5265675796158,0.0991088425719753,0.0866809528668776,0.0354981227840556,0.0466379458900569,0.200691339905568,0.213031911933304,0.200691339905568,0.213031911933304,0.207678865443085,0.179284738818709,0.401620218386044,0.350770314100376,0.475764480964014,0.442247971416169,28,33,148568.5245493818,158282.15200385384,MN 07 - Upper West Side,0.7195357833655706,0.7875243664717348,0.7346153846153847,0.7567067530064755,0.9933370833696452,0.9908493832246617,0.0653814627555474,Higher-Income
Greenwich Village/Financial District,6.580000000000001,5.000000000000001,0.447624884863382,0.499240189607841,0.809077116476657,0.826593335490133,0.8828391971892,0.884673540962261,25.9913606391683,26.2938656362224,0.0884715481465851,0.0611710910707481,0.0661580475963414,0.0291976706567454,0.142909881730679,0.135240769782511,0.142909881730679,0.135240769782511,0.160962201230658,0.152958011766001,0.306562111931239,0.315578331967564,0.377548965646857,0.371895400999307,46,23,173731.66335468498,187634.99164521648,MN 01 - Financial District,0.7837837837837838,0.8571428571428571,0.8157181571815718,0.8469656992084432,0.98606721116646,1.0,0.08002760131379685,Higher-Income
Lower East Side/Chinatown,8.541353383458693,10.403225806451616,0.713278718116372,0.730600728083139,0.393740456768652,0.38172999809051,0.891792363893472,0.92795307059732,30.7099192788122,30.110346415943,0.272942662058282,0.240435035929307,0.306787840188129,0.288111514225702,0.194772259953891,0.221967593700637,0.194772259953891,0.221967593700637,0.162637024177855,0.123257399737347,0.1166613000322,0.107510859682796,0.394230170104056,0.356409458618544,26,5,47467.48410546701,47810.50529903222,MN 03 - Lower East Side/Chinatown,0.5684210526315789,0.6424050632911392,0.5920826161790017,0.6247379454926625,0.9979087357243036,0.85508916048888,0.0072264456401999275,Non-Gentrifying
Bensonhurst,4.9137931034482705,5.300000000000004,0.66088846576477,0.65868109593303,0.316114190107707,0.329055526335562,0.686741421085254,0.678334425448264,47.3538062771173,47.6235181986061,0.172609978121581,0.145652501669215,0.242671407159538,0.250432038470208,0.142521253339811,0.165218042458507,0.142521253339811,0.165218042458507,0.372879777774329,0.345161682840021,0.367448284424029,0.364889118729657,0.389200874423124,0.389096005006445,66,39,64146.57758826159,66143.15196071382,BK 11 - Bensonhurst,0.5825136612021858,0.600326264274062,0.604012671594509,0.665623369848722,0.459774629165282,0.8651400259810882,0.031125189332276794,Non-Gentrifying
Borough Park,5.777777777777755,5.555555555555542,0.485748935882835,0.452114827346986,0.301096480611899,0.323970285466607,0.657846433064533,0.673359717533853,36.8847319900179,36.8783222752493,0.308085264797937,0.267821263644688,0.226714915040906,0.211806349856123,0.144811539616256,0.118505245324819,0.144811539616256,0.118505245324819,0.411435826069972,0.44007597775591,0.376767010913352,0.336933885621439,0.621857856382543,0.645911253013618,212,142,54398.619365410406,63749.269704203274,BK 12 - Borough Park,0.448207171314741,0.5642570281124498,0.5090322580645161,0.6262230919765166,0.3964674996676857,0.9145287784128672,0.17189131724064524,Gentrifying
Coney Island,8.20000000000002,7.808333333333338,0.6296418461855209,0.65276926335718,0.388232903619082,0.399198079174897,0.71154532289546,0.707367578887921,45.6928033244485,46.7569475492388,0.248411705749335,0.255505639709179,0.193484297744565,0.185801979963807,0.236605496315846,0.255228709976838,0.236605496315846,0.255228709976838,0.279096235720609,0.249501417025297,0.27823209543481,0.249333473286449,0.373292134186822,0.412458686468246,97,74,43311.20126619992,47126.3735709869,BK 13 - Coney Island,0.4170560747663551,0.5047732696897375,0.4038901601830663,0.5359628770301624,0.8500358298408286,0.7290829732253371,0.08808742757648572,Non-Gentrifying
Flatbush,5.582500000000013,5.035971223021583,0.691265503393759,0.700403569846987,0.41424865296348,0.399244051031414,0.703340634429519,0.735252643948296,43.7304516978878,43.9274383078731,0.168204423941014,0.119642097939937,0.115196567551387,0.135905632694307,0.134572382172029,0.148228424260197,0.134572382172029,0.148228424260197,0.292091539578144,0.341756213670939,0.238938370280103,0.246408058367973,0.481344595805105,0.490131704767126,104,96,67871.16342171906,75936.30664643878,BK 14 - Flatbush/Midwood,0.4125200642054574,0.5265339966832504,0.3951486697965571,0.5085714285714286,0.2971159408313362,0.946582927030824,0.11883018970231536,Gentrifying
Sheepshead Bay/Gravesend,5.337552742616036,5.807692307692318,0.541726130205895,0.508797182924729,0.389725139319417,0.405210221624466,0.581138972982236,0.584679175876478,49.0353858456617,46.3892160500799,0.139836710222363,0.115863380985294,0.142839969431302,0.116698828528546,0.179757937203999,0.197142488856928,0.179757937203999,0.197142488856928,0.316846492554872,0.289911798127739,0.467429666229707,0.457441243844808,0.439694790387651,0.465749893148622,157,182,73477.2287054968,86965.76029248931,BK 15 - Sheepshead Bay,0.540625,0.5998370008149959,0.5715378729915838,0.6561014263074485,0.6561002178649238,0.5808278867102397,0.18357431036295246,Higher-Income
Brownsville/Ocean Hill,9.701492537313428,6.827426810477636,0.449811758718546,0.465587805701963,0.126875366158078,0.161816275622718,0.795111720577559,0.786941580756014,45.8133688257912,47.1734861582464,0.398762045692424,0.342641538942759,0.193904582388752,0.238747695311088,0.121996933037996,0.125295047869813,0.121996933037996,0.125295047869813,0.251754139769857,0.305149751378021,0.156631188065373,0.177041976641098,0.622306319555918,0.626919271786802,319,253,24287.75321018919,36284.448418918335,BK 16 - Brownsville,0.1933534743202417,0.2876506024096386,0.1313432835820895,0.2549019607843137,0.887499292626337,0.8941486050591364,0.4939400983247927,Gentrifying
East Flatbush,5.186170212765974,4.543795620437966,0.237196139016122,0.257493095212261,0.25102057478772,0.256646259644415,0.721443006666063,0.726496424256278,48.3622899888396,47.7561799954283,0.136625057656827,0.0987897970582759,0.118641819072502,0.141143911439114,0.159657926859737,0.170040217926755,0.159657926859737,0.170040217926755,0.287223194874656,0.322551974650282,0.346711045270023,0.324020403431486,0.421031216315575,0.43860332772096,413,317,59177.26538805304,70491.03482118463,BK 17 - East Flatbush,0.3930846223839854,0.4332706766917293,0.2797140303842717,0.3632119514472455,0.3834332176777766,0.580608418322644,0.19118439081194277,Gentrifying
Flatlands/Canarsie,4.466019417475725,4.31388888888889,0.553357159013382,0.552152874769867,0.313113530028292,0.351853439652462,0.560499806073566,0.521350589413417,48.953006907974,52.1779451622384,0.0889642893762992,0.106357024371571,0.10363819453483,0.121030895424276,0.153155534532571,0.162213362452068,0.153155534532571,0.162213362452068,0.347498880526947,0.31505644947458,0.56853341807624,0.583222853315098,0.532399356325677,0.522329160212296,727,508,91911.8900119172,93151.88542730188,BK 18 - Flatlands/Canarsie,0.4558620689655172,0.4973302822273074,0.4227865477007549,0.4939668174962293,0.7251804502079765,0.1266362857841937,0.013491131726525272,Higher-Income
Astoria,4.758364312267647,4.843750000000011,0.68086693278448,0.655251158071568,0.474067341194856,0.49838165415605,0.815866668263072,0.788874799411983,42.0444558853462,39.5491679104059,0.130441416095546,0.116208376982373,0.117117548098006,0.115074719371944,0.125206151374444,0.1369310346904,0.125206151374444,0.1369310346904,0.199645009247658,0.173692555838049,0.182178867609331,0.188837857787255,0.461602594920917,0.439558255905678,75,74,79602.52955459557,91657.44539192706,QN 01 - Astoria,0.4607762180016515,0.6038732394366197,0.4465863453815261,0.5920138888888888,0.6333293880932654,0.7293525861048645,0.15143885382516137,Higher-Income
Sunnyside/Woodside,4.447761194029845,4.8484848484848335,0.68495834147369,0.696446187505457,0.425231309006197,0.434454661631739,0.746600393885398,0.789022011702424,36.5232245012795,37.2947199777097,0.0926973254320543,0.0924446558220069,0.136286040348213,0.147473408088553,0.137824871844689,0.133274044892619,0.137824871844689,0.133274044892619,0.212796768415838,0.24253772041447,0.294996379711139,0.267133248500273,0.340728729207455,0.339634567610872,69,44,80774.1072620289,93663.53724421564,QN 02 - Woodside/Sunnyside,0.5367573011077543,0.6145077720207254,0.5278048780487805,0.6295918367346939,0.7885059943013817,0.8928014622869738,0.15957378446008433,Higher-Income
Jackson Heights,3.4482758620689777,5.2500000000000036,0.556929453258025,0.529608711049883,0.208303053860844,0.20946503706672,0.752023651221937,0.810773098528863,44.3594675893053,42.7542612440307,0.135181305207019,0.150473447053175,0.249953524530598,0.268731717090763,0.131258004253269,0.148075880758808,0.131258004253269,0.148075880758808,0.372701398841364,0.320693330341617,0.380876445772189,0.344645762046334,0.326514786572828,0.33378405363001,193,136,67873.56173841801,77790.75508692714,QN 03 - Jackson Heights,0.3458646616541353,0.423826714801444,0.3357888275015346,0.4164325842696629,0.6145951893163366,0.5953410729190378,0.14611275870168114,Gentrifying
Elmhurst/Corona,3.9583333333333464,3.5999999999999943,0.575600327549528,0.584695187488512,0.212844653665097,0.248019550883017,0.774308517957892,0.798972863143986,42.8315673592954,44.129239744213,0.155564732603758,0.102072207075475,0.277404169468729,0.246876008668788,0.115918551479484,0.12067993387752,0.115918551479484,0.12067993387752,0.345534026465028,0.395475483232167,0.224858223062382,0.235847432089199,0.30918448951135,0.308501095634122,65,32,62346.64090570535,77723.6152557484,QN 04 - Elmhurst/Corona,0.3184445612191277,0.445475638051044,0.3438614365766683,0.4684115523465704,0.6827674007638664,0.7222338343435879,0.24663677347588903,Gentrifying
Middle Village/Ridgewood,4.333333333333335,4.375000000000005,0.593719741939563,0.594611368911668,0.290145173102052,0.319784663730263,0.633906557867481,0.581618758510412,42.5423213014638,43.2013516721008,0.0844256404546697,0.0838102281820607,0.154241036171221,0.137221063115507,0.117065156775169,0.140998824557702,0.117065156775169,0.140998824557702,0.341751806231898,0.29235232331316,0.39732327572488,0.406525617299388,0.528785237360771,0.534048645227403,136,109,85420.84586622972,84250.06987963934,QN 05 - Ridgewood/Maspeth,0.4919181034482758,0.550028918449971,0.4862433862433862,0.5824301197946378,0.5437294604049613,0.3966167406218291,-0.013705975101485546,Higher-Income
Pelham Parkway,4.651162790697687,4.11895910780668,0.701174803157773,0.682983037352647,0.246091738825181,0.275206152240736,0.626946107784431,0.631417860441531,42.7137338226772,47.1669051198001,0.163771097811889,0.146037826191046,0.20067868008425,0.190998491430646,0.16983582536881,0.15453637489513,0.16983582536881,0.15453637489513,0.336304793495036,0.293567120839848,0.331997327989312,0.294281885190976,0.523502281128243,0.507282969118293,147,96,57581.1856249069,67375.97817115083,BX 11 - Morris Park/Bronxdale,0.3715415019762846,0.3657331136738056,0.3353705118411,0.3738920225624496,0.7439792570022267,0.8580071487167468,0.17010404422807088,Gentrifying
Williamsbridge/Baychester,5.0450450450450575,5.699999999999988,0.492371159608516,0.554722145485113,0.230061712573197,0.245058552599343,0.545924930263481,0.510952091420732,46.5974360086141,47.1488704924933,0.146057577023077,0.171227898572874,0.197844989057355,0.186966534372091,0.134218906861865,0.152747974894051,0.134218906861865,0.152747974894051,0.355518387827116,0.351293360352843,0.405286882738083,0.391484880994954,0.481892946659486,0.48988117590258,422,296,70478.13367346939,69718.92676262924,BX 12 - Williamsbridge/Baychester,0.3062080536912752,0.3549959382615759,0.2164179104477611,0.3306386418755052,0.458160410991462,0.7472987549591386,-0.010772233475387022,Higher-Income
Williamsburg/Greenpoint,7.714746543778824,6.8551236749116535,0.530685051954885,0.556202681888088,0.534072942388659,0.5251465288143,0.844122801324073,0.858340824292874,34.6398390342052,34.4988855914985,0.23333487319259,0.201085442072159,0.15028157254268,0.154556044996178,0.115307693319825,0.102598672905597,0.115307693319825,0.102598672905597,0.194611850813673,0.206981538604622,0.157502141244258,0.177390603444267,0.467276746358601,0.473755518544955,81,58,91865.12283628782,113771.916682245,BK 01 - Greenpoint/Williamsburg,0.425629290617849,0.5464547677261614,0.4110218140068886,0.5784313725490197,0.8904099622897745,0.9222878345115252,0.2384669303169292,Higher-Income
Brooklyn Heights/Fort Greene,6.0937499999999964,7.162534435261715,0.680406849067173,0.660033878193838,0.664212802333182,0.686246504797731,0.908788711849192,0.881352364110985,35.1498681552962,34.7558699282837,0.14867649999231,0.138265986661436,0.102861165585558,0.0928265373860916,0.107291574377603,0.118286262805034,0.107291574377603,0.118286262805034,0.214349383608873,0.226759125049414,0.330294825005466,0.2907003557781,0.488777649803609,0.456271654192852,79,69,110996.49514375094,129123.78635625026,BK 02 - Fort Greene/Brooklyn Heights,0.5305466237942122,0.6335403726708074,0.4512,0.560126582278481,0.9736579275905118,0.9435549313358302,0.16331408653059507,Higher-Income
Bedford Stuyvesant,6.842105263157914,5.478260869565224,0.652978881666028,0.666382730243815,0.358052236438617,0.386970014509109,0.7818510087134,0.829960183307039,41.9705628385274,41.4413642851777,0.243764812097957,0.230273067053442,0.16289520989743,0.146642753506368,0.103304301294824,0.10328745859493,0.103304301294824,0.10328745859493,0.291705587433517,0.258777864824443,0.238023524029205,0.184085891318282,0.577516951002274,0.574834033234931,284,209,62244.7124460003,70827.89156037445,BK 03 - Bedford Stuyvesant,0.318118948824343,0.4161931818181818,0.2377049180327868,0.3823109843081312,0.9419384379061798,0.8767133404230179,0.13789410822357626,Gentrifying
Bushwick,6.999999999999982,7.307692307692317,0.631497460039805,0.614855199204745,0.321756353088878,0.339075150790632,0.8224089389407,0.835255807221941,41.2638571177195,42.1458860988494,0.271180865896822,0.206872071560415,0.247629767522404,0.223615714829104,0.0741489528311289,0.0970521364170913,0.0741489528311289,0.0970521364170913,0.30253683858004,0.239166836838881,0.128725720026792,0.146395752501532,0.447178837364922,0.423183065464524,174,118,60744.56535081186,76718.83295465984,BK 04 - Bushwick,0.2803532008830022,0.314359637774903,0.277599142550911,0.3428927680798005,0.7652561024409764,0.9793167266906764,0.26297443255365194,Gentrifying
East New York/Starrett City,5.746666666666659,4.969500000000014,0.572716748957276,0.567733804138834,0.124794102925786,0.132795834675629,0.766028434879317,0.689063374679591,42.6015960804352,48.3123655755576,0.246756509821836,0.2334703589102,0.156463575556263,0.159099022228414,0.111174073927161,0.12958835469081,0.111174073927161,0.12958835469081,0.373037439613527,0.408880768925252,0.219437734836286,0.259925331638732,0.584452969609738,0.595256925740137,512,331,44112.23904364666,53238.413374843614,BK 05 - East New York/Starrett City,0.2989934872705743,0.4008236101578586,0.2449683726279471,0.3862115127175368,0.8535756965846909,0.7123246745078307,0.20688531185567574,Gentrifying
Park Slope/Carroll Gardens,4.93096646942801,4.929999999999992,0.553681673650331,0.515184927469541,0.73353350040191,0.777694226614626,0.863443680208488,0.873684036830468,39.1622544410906,39.9469489455794,0.0778846153846154,0.075755831968483,0.0629935221523476,0.0537592055477972,0.0987100826958325,0.106416000982086,0.0987100826958325,0.106416000982086,0.322347162983068,0.345744453468986,0.428072896471501,0.395353310819476,0.49195845416448,0.485562463281394,31,37,161651.34214211235,179714.80673271883,BK 06 - Park Slope/Carroll Gardens,0.6945373467112598,0.7384453781512605,0.6304824561403509,0.7036269430051814,0.8547796835723791,0.9103393464438858,0.11174336291452731,Higher-Income
Sunset Park,6.250000000000006,5.783582089552249,0.68142290736549,0.69450469216461,0.293130366900859,0.306467998645445,0.798355846315558,0.768682737117377,42.8469117208704,43.5634659871928,0.221473507817714,0.181462878668969,0.374887407674293,0.309603137323444,0.107377435357371,0.12197303930939,0.107377435357371,0.12197303930939,0.409016168813374,0.369936009307737,0.298689138576779,0.307155322862129,0.416795998115456,0.401413027687085,63,54,68096.60519141964,78566.33589537107,BK 07 - Sunset Park,0.4305126621371217,0.5169210351692104,0.4538322269161134,0.5270358306188925,0.7753412615076555,0.943932993089302,0.15374820337256168,Higher-Income
North Crown Heights/Prospect Heights,6.783919597989961,7.0666666666666975,0.614311852277776,0.645759292888081,0.423831514545401,0.490083018550279,0.848732576604129,0.853550618514941,41.9979562430159,43.5810768703456,0.199759488806979,0.159328113519108,0.18551636909139,0.111206978187902,0.108153113423884,0.136261270036703,0.108153113423884,0.136261270036703,0.248475555397069,0.219011022712922,0.198106479335307,0.214230304342336,0.49160698535897,0.485166800439502,203,139,72077.81091166394,86157.7671517522,BK 08 - Crown Heights/Prospect Heights,0.3954802259887006,0.5158730158730159,0.297951582867784,0.4552683896620278,0.7674746095416916,0.9821199965861568,0.19534383830474766,Higher-Income
South Crown Heights,5.249999999999985,4.391304347826079,0.562761282144789,0.593943803794261,0.344156007337974,0.387735547748323,0.825937878176684,0.863816659321287,45.2830778539734,46.688255695863,0.191438217420662,0.179005238616084,0.114341718392682,0.111044394762057,0.153261138395223,0.140356490805398,0.153261138395223,0.140356490805398,0.264051284366394,0.219380588195946,0.173062164236378,0.169680483399853,0.414682189167226,0.472463249825895,131,105,61243.41522419188,77211.96343883465,BK 09 - South Crown Heights/Lefferts Gardens,0.3681710213776722,0.4269340974212034,0.2505800464037123,0.426183844011142,0.7045413703694196,0.9048340307550125,0.2607390224106085,Gentrifying
Bay Ridge,5.064285714285726,4.611908396946568,0.635926500390024,0.625245421136879,0.416183401750614,0.469041970700336,0.680529202746059,0.670849295800714,45.518335805706,44.3999037625155,0.151505531270605,0.142445770109821,0.18594296388002,0.159000708318811,0.171020665975641,0.187976214886201,0.171020665975641,0.187976214886201,0.28399741546414,0.270903556617842,0.419987077320698,0.385814385814386,0.508300401658461,0.508484724215706,56,59,82356.99628333087,88634.99540558807,BK 10 - Bay Ridge/Dyker Heights,0.609642301710731,0.6674603174603174,0.6370539104024298,0.7403100775193798,0.5979209277015743,0.7436623946859813,0.07622909291955166,Higher-Income
Rego Park/Forest Hills,5.290974729241857,5.640243902439019,0.663016193264688,0.632892990536346,0.563695033909429,0.604158355998791,0.729997217004105,0.677276007444263,43.720343699993,45.0911542405712,0.081450638919622,0.1114675449535,0.0830890395974623,0.0559685705651254,0.196750811456249,0.189807360824352,0.196750811456249,0.189807360824352,0.224344700964881,0.229173125012917,0.451853588030782,0.509537685742038,0.437194127243067,0.410243782319626,36,29,90472.89999255176,103210.1266878532,QN 06 - Rego Park/Forest Hills,0.5785876993166287,0.6385404789053591,0.5971143174250833,0.7037861915367484,0.7351713967123484,0.8008345023560304,0.1407849941402348,Higher-Income
Flushing/Whitestone,5.959999999999997,6.027397260273965,0.613957124776574,0.597842432701289,0.230612005647558,0.271579547760466,0.520560763710037,0.494087917476003,41.5054428075959,41.6656137439418,0.161814415003816,0.148053403909207,0.248212201375191,0.218512973230886,0.196014322926672,0.217247747728969,0.196014322926672,0.217247747728969,0.268949766627124,0.260725816293699,0.457821040144569,0.440537871811656,0.382754089794915,0.404358212190821,152,105,61497.636794279766,63589.523209329745,QN 07 - Flushing/Whitestone,0.5988675958188153,0.6727887868535525,0.6489539748953975,0.7233644859813084,0.7073388166622446,0.321029450782701,0.03401572034463213,Non-Gentrifying
Hillcrest/Fresh Meadows,4.463087248322141,4.833333333333345,0.742583330071845,0.76197466842585,0.387580874654353,0.411254802324457,0.526776656521971,0.508686530735373,44.8439585669283,42.9495125395933,0.123256149326913,0.114921348590663,0.137426508094177,0.130711139634452,0.149058682459782,0.164040101857293,0.149058682459782,0.164040101857293,0.287185961830525,0.337420794288264,0.485535488829116,0.434841588576528,0.466903238765361,0.458179746069056,97,115,76752.13015790259,83538.15615248558,QN 08 - Hillcrest/Fresh Meadows,0.5190258751902588,0.610705596107056,0.4906785980611484,0.6174121405750799,0.7098088318284425,0.28065039503386,0.08841482289315046,Higher-Income
Ozone Park/Woodhaven,4.243750000000012,4.707100591715973,0.716240709283964,0.735184076751654,0.270348488898311,0.308607204890926,0.645185493955815,0.596096511002196,47.4859663748784,46.6087348565279,0.121565943106875,0.101483079127997,0.197526198881075,0.19837492517394,0.129160838701628,0.125344333453908,0.129160838701628,0.125344333453908,0.326274544333891,0.327161210882141,0.458659857356696,0.481541714099854,0.396045520511154,0.403837057235872,278,177,83840.3551616267,89108.44697372772,QN 09 - Kew Gardens/Woodhaven,0.4426877470355731,0.555316091954023,0.4595635430038511,0.5652173913043478,0.4682044343575419,0.9084540851955308,0.06283479837299397,Higher-Income
South Ozone Park/Howard Beach,4.113772455089828,4.217171717171707,0.795941898521908,0.78973961200356,0.229344963791968,0.238566089024805,0.457841699087952,0.476609137403144,45.8287358887684,46.9383199630536,0.103800311560338,0.0753303479975959,0.225168696510862,0.169317023445464,0.13968978560611,0.181212468794278,0.13968978560611,0.181212468794278,0.354541396423601,0.308893523717846,0.643804322138487,0.716107813252046,0.523912060463814,0.498195128533837,335,287,88607.00960077463,97535.6533699544,QN 10 - South Ozone Park/Howard Beach,0.5087082728592163,0.5738362760834671,0.4841726618705036,0.6375198728139905,0.3984676286553441,0.3938960541437875,0.10076678819664968,Higher-Income
Bayside/Little Neck,4.464516129032271,5.0,0.631909996620006,0.665740700553101,0.379196950104784,0.475729945938469,0.394332486799554,0.344858058102287,43.7470082034604,44.2194116130933,0.0975640786415837,0.0641129173835188,0.151357738440273,0.13126923564603,0.22721833656358,0.206447163981076,0.22721833656358,0.206447163981076,0.245636747219026,0.250895721612065,0.729622171077867,0.688757230171182,0.512555827083509,0.525470924041131,127,102,84126.95400715031,107287.13505701673,QN 11 - Bayside/Little Neck,0.729050279329609,0.7715355805243446,0.7781851512373968,0.8305555555555556,0.6865828092243187,0.2054507337526205,0.2753003638750302,Higher-Income
Jamaica,4.309608540925261,4.482758620689662,0.600095775639777,0.603350694084174,0.20838655481525,0.216192983721657,0.524849998265876,0.532401639492263,48.8788454201783,48.364164093675,0.112984515737274,0.105898974438759,0.195245164037238,0.170159176705379,0.13433147101644,0.151370842399751,0.13433147101644,0.151370842399751,0.3502835800249,0.369247220975365,0.493692073592475,0.50539962506271,0.470695581375762,0.46929851828826,1079,864,73952.09541188739,76104.15622438562,QN 12 - Jamaica/Hollis,0.3366287691547207,0.4439655172413793,0.2600096478533526,0.3722163308589608,0.5874001188668031,0.4074489863303176,0.029100741507214853,Higher-Income
Queens Village,4.234285714285714,3.3333333333333273,0.654495472028783,0.650884345812114,0.307975905070814,0.309563467513308,0.366369710467706,0.358497837536933,47.3613173306937,48.1237956579454,0.0886994412212404,0.0545871629629253,0.116364808509781,0.13947148363938,0.169747971607292,0.190077743446626,0.169747971607292,0.190077743446626,0.366031935786867,0.323378494310364,0.725181453334472,0.728240988038006,0.498031477206326,0.491174125386225,783,654,102956.13841054672,109726.16306207849,QN 13 - Queens Village,0.4792013311148086,0.5496815286624204,0.4071428571428571,0.4946372239747634,0.3841092284915282,0.0911827603224214,0.0657563964232584,Higher-Income
Rockaways,6.040229885057479,5.882352941176461,0.693223430768503,0.687928136322648,0.284073470736832,0.246265114419906,0.451876649713513,0.404389037708634,51.3747076117513,49.2021430043272,0.197630081993893,0.180682842228759,0.190004013504261,0.205843409613271,0.145921488752433,0.179070149498932,0.145921488752433,0.179070149498932,0.362556482042204,0.329705226413265,0.340872036148507,0.365848928536798,0.682182020428257,0.588606867093806,270,197,64768.94077163713,63706.43912224443,QN 14 - Rockaway/Broad Channel,0.3040254237288136,0.3728643216080402,0.2649214659685864,0.3765060240963855,0.8160660985421984,0.677553315741662,-0.016404493214407706,Non-Gentrifying
North Shore,6.913265306122448,5.0666666666666815,0.707939707861583,0.715044673909128,0.300799749614951,0.310874239673363,0.406486814186117,0.409158577246275,43.7987137077112,44.6401284464622,0.178725515077406,0.130122944902897,0.152174808298947,0.146317383556028,0.131238960097831,0.141547717018077,0.131238960097831,0.141547717018077,0.340623432925152,0.28277254802188,0.564244002652906,0.513102658694823,0.648223424973957,0.660262777036806,575,410,75391.08543125281,87027.11220718712,SI 01 - St. George/Stapleton,0.3630504833512352,0.396446418656302,0.3250132766861391,0.3962264150943396,0.6549093492293913,0.1268029774222442,0.15434221047984387,Higher-Income
Mid-Island,4.957831325301195,4.303797468354421,0.546514978949033,0.569299756376104,0.352979122083082,0.366884841681117,0.321159279890207,0.324870315522761,45.8829417938161,46.1572306586088,0.101520509193777,0.0719656755430923,0.116461710166593,0.128930407850291,0.160163042722201,0.189205570387474,0.160163042722201,0.189205570387474,0.37940284340631,0.328092598078632,0.710830943193777,0.703732701341572,0.654987966556766,0.633018255285374,319,216,97715.81642335768,95024.8552005292,SI 02 - South Beach/Willowbrook,0.476107732406603,0.5878320479862896,0.4498714652956298,0.565068493150685,0.5686442057291666,0.2432047526041666,-0.027538645444763876,Higher-Income
South Shore,5.3571428571428665,3.764948453608247,0.306851265108073,0.316309217322226,0.344730137474675,0.411792518912861,0.264755366204445,0.281729004660497,47.8863531518819,48.5046803004898,0.0658694348909854,0.040851803563668,0.0798327000165213,0.0553201176800224,0.185804099082107,0.174388626532307,0.185804099082107,0.174388626532307,0.353342428376535,0.327527559616035,0.828767860989445,0.779629926448327,0.78491135420596,0.797847023388986,469,311,116073.7315954119,125047.93557038294,SI 03 - Tottenville/Great Kills,0.5931533903884134,0.6645876645876646,0.5863874345549738,0.7223756906077348,0.5791035915701989,0.28378021833053,0.07731468482681025,Higher-Income
